{
    "text": {
        "text": " If you're a man, if you go watch the movie Barbie, you're 100% of beta. No, no, I can't come see the new Barbie movie. The sky fell on TikTok, you mostly post half naked videos. Talk me then, I'm not allowed. Yeah, yeah, I'm an alpha male.",
        "segments": [
            {
                "id": 0,
                "seek": 0,
                "start": 0.0,
                "end": 4.8,
                "text": " If you're a man, if you go watch the movie Barbie, you're 100% of beta.",
                "tokens": [
                    50364,
                    759,
                    291,
                    434,
                    257,
                    587,
                    11,
                    498,
                    291,
                    352,
                    1159,
                    264,
                    3169,
                    33884,
                    11,
                    291,
                    434,
                    2319,
                    4,
                    295,
                    9861,
                    13,
                    50604
                ],
                "temperature": 0.0,
                "avg_logprob": -0.4512968307886368,
                "compression_ratio": 1.4226190476190477,
                "no_speech_prob": 0.06345222890377045
            },
            {
                "id": 1,
                "seek": 0,
                "start": 4.8,
                "end": 6.84,
                "text": " No, no, I can't come see the new Barbie movie.",
                "tokens": [
                    50604,
                    883,
                    11,
                    572,
                    11,
                    286,
                    393,
                    380,
                    808,
                    536,
                    264,
                    777,
                    33884,
                    3169,
                    13,
                    50706
                ],
                "temperature": 0.0,
                "avg_logprob": -0.4512968307886368,
                "compression_ratio": 1.4226190476190477,
                "no_speech_prob": 0.06345222890377045
            },
            {
                "id": 2,
                "seek": 0,
                "start": 6.84,
                "end": 9.56,
                "text": " The sky fell on TikTok, you mostly post half naked videos.",
                "tokens": [
                    50706,
                    440,
                    5443,
                    5696,
                    322,
                    20211,
                    11,
                    291,
                    5240,
                    2183,
                    1922,
                    15791,
                    2145,
                    13,
                    50842
                ],
                "temperature": 0.0,
                "avg_logprob": -0.4512968307886368,
                "compression_ratio": 1.4226190476190477,
                "no_speech_prob": 0.06345222890377045
            },
            {
                "id": 3,
                "seek": 0,
                "start": 9.56,
                "end": 11.040000000000001,
                "text": " Talk me then, I'm not allowed.",
                "tokens": [
                    50842,
                    8780,
                    385,
                    550,
                    11,
                    286,
                    478,
                    406,
                    4350,
                    13,
                    50916
                ],
                "temperature": 0.0,
                "avg_logprob": -0.4512968307886368,
                "compression_ratio": 1.4226190476190477,
                "no_speech_prob": 0.06345222890377045
            },
            {
                "id": 4,
                "seek": 0,
                "start": 11.040000000000001,
                "end": 12.8,
                "text": " Yeah, yeah, I'm an alpha male.",
                "tokens": [
                    50916,
                    865,
                    11,
                    1338,
                    11,
                    286,
                    478,
                    364,
                    8961,
                    7133,
                    13,
                    51004
                ],
                "temperature": 0.0,
                "avg_logprob": -0.4512968307886368,
                "compression_ratio": 1.4226190476190477,
                "no_speech_prob": 0.06345222890377045
            }
        ],
        "language": "en"
    }
}